city - Original,City,State - Long,State,2010,2011,2012,2013,2014,2015,2016,2017
Birmingham city,Birmingham, Alabama,AL,211739,211516,210660,211094,210998,211621,211263,210710
Montgomery city,Montgomery, Alabama,AL,205616,205193,203814,202226,201243,200798,200066,199518
Huntsville city,Huntsville, Alabama,AL,180924,182122,183463,185662,187506,189975,191956,194585
Mobile city,Mobile, Alabama,AL,194582,193989,193776,193429,192856,192223,191590,190265
Tuscaloosa city,Tuscaloosa, Alabama,AL,90537,91408,92649,94148,95941,97795,98767,100287
Hoover city,Hoover, Alabama,AL,80833,81363,82674,83280,83705,84294,84551,84920
Dothan city,Dothan, Alabama,AL,65953,66475,67083,67540,68009,68192,68172,68202
Auburn city,Auburn, Alabama,AL,53753,54912,57029,58662,60236,61657,62703,63973
Decatur city,Decatur, Alabama,AL,55811,55881,55794,55422,55220,54966,54605,54405
Anchorage municipality,Anchorage, Alaska,AK,293370,296291,298520,301081,300296,298018,297376,294356
Gilbert town,Gilbert, Arizona,AZ,209446,211427,215885,221603,227297,232399,237135,242354
Phoenix city,Phoenix, Arizona,AZ,1449039,1467519,1495880,1521182,1547729,1575039,1602042,1626078
Tucson city,Tucson, Arizona,AZ,523832,526615,527439,528067,529392,529880,531547,535677
Mesa city,Mesa, Arizona,AZ,440952,446941,455881,463124,470722,479108,487376,496401
Chandler city,Chandler, Arizona,AZ,236486,236861,237682,239905,240898,243681,247838,253458
Scottsdale city,Scottsdale, Arizona,AZ,217550,220383,224587,227993,232683,239649,246204,249950
Glendale city,Glendale, Arizona,AZ,226127,228802,232953,236349,238672,241800,244168,246709
Tempe city,Tempe, Arizona,AZ,162297,164208,168157,170144,174782,178154,183683,185038
Peoria city,Peoria, Arizona,AZ,154896,155052,155354,156373,157779,160430,164205,168181
Surprise city,Surprise, Arizona,AZ,117663,119449,122005,124613,127255,129633,131980,134085
Yuma city,Yuma, Arizona,AZ,91326,94121,93524,92711,93146,93405,94431,95502
Avondale city,Avondale, Arizona,AZ,76220,77145,78525,79451,80307,81457,82716,84025
Goodyear city,Goodyear, Arizona,AZ,65473,66565,67802,70376,72339,74817,77411,79858
Flagstaff city,Flagstaff, Arizona,AZ,66145,66080,67900,68028,68502,69895,71060,71975
Buckeye city,Buckeye, Arizona,AZ,51393,52520,54415,56616,59109,61636,64639,68453
Casa Grande city,Casa Grande, Arizona,AZ,48971,48854,49327,49562,51078,52400,53960,55477
Lake Havasu City city,Lake Havasu City, Arizona,AZ,52578,52769,52774,52761,53003,53387,53793,54411
Little Rock city,Little Rock, Arkansas,AR,193899,195048,196228,196830,197235,197864,198307,198606
Fort Smith city,Fort Smith, Arkansas,AR,86290,87134,87521,87298,87083,87668,87675,88037
Fayetteville city,Fayetteville, Arkansas,AR,73952,75503,76793,78497,80255,82141,83327,85257
Springdale city,Springdale, Arkansas,AR,71093,72322,73506,74934,76043,77303,78419,79599
Jonesboro city,Jonesboro, Arkansas,AR,67555,68943,70352,71506,72204,73641,74683,75866
Rogers city,Rogers, Arkansas,AR,56259,58045,59410,60427,61831,63352,65011,66430
North Little Rock city,North Little Rock, Arkansas,AR,62452,63444,64579,65869,66583,66314,66066,65911
Conway city,Conway, Arkansas,AR,59588,61519,62680,63229,64045,64395,64854,65782
Apple Valley town,Apple Valley, California,CA,69313,70069,70480,70832,71298,71921,72426,73077
Los Angeles city,Los Angeles, California,CA,3796060,3824592,3859267,3891783,3922668,3953459,3981116,3999759
San Diego city,San Diego, California,CA,1306176,1320638,1338975,1358207,1379123,1391040,1406682,1419516
San Jose city,San Jose, California,CA,955255,971352,985722,1003735,1016708,1027560,1031942,1035317
San Francisco city,San Francisco, California,CA,805770,816294,830406,841270,853258,866320,876103,884363
Fresno city,Fresno, California,CA,497772,501851,506293,510009,515416,519650,522792,527438
Sacramento city,Sacramento, California,CA,467382,471170,474804,478927,483629,488952,494894,501901
Long Beach city,Long Beach, California,CA,462559,465032,467929,469297,470713,471967,470852,469450
Oakland city,Oakland, California,CA,391571,396480,401906,407567,413933,418929,421566,425195
Bakersfield city,Bakersfield, California,CA,349322,353836,358317,363998,368461,373253,376944,380874
Anaheim city,Anaheim, California,CA,337177,340511,343102,345019,345959,349732,351661,352497
Santa Ana city,Santa Ana, California,CA,325427,328571,331222,334538,334398,334472,334953,334136
Riverside city,Riverside, California,CA,305571,309726,312770,316079,318352,321179,324336,327728
Stockton city,Stockton, California,CA,292497,295208,297162,297743,301373,304723,307270,310496
Irvine city,Irvine, California,CA,213435,220454,229456,236574,247804,256186,266385,277453
Chula Vista city,Chula Vista, California,CA,244693,248540,252843,257248,260561,265008,267203,270471
Fremont city,Fremont, California,CA,214619,217580,221847,225282,228820,232061,233801,234962
San Bernardino city,San Bernardino, California,CA,210182,211816,212969,213690,214200,215350,216018,216995
Modesto city,Modesto, California,CA,203344,204207,205406,206535,208250,209938,212035,214221
Fontana city,Fontana, California,CA,197370,200046,201534,203084,204471,206720,209268,211815
Santa Clarita city,Santa Clarita, California,CA,204299,205557,206703,207600,208740,209848,210349,210888
Oxnard city,Oxnard, California,CA,198512,200101,201416,203246,205076,206908,208303,210037
Moreno Valley city,Moreno Valley, California,CA,194279,196726,198479,200529,202216,203325,205090,207226
Glendale city,Glendale, California,CA,191748,192850,194275,195841,198896,199968,201039,203054
Huntington Beach city,Huntington Beach, California,CA,191342,193184,194563,197588,200188,201300,201004,201874
Rancho Cucamonga city,Rancho Cucamonga, California,CA,166250,168047,170205,171138,173615,174646,176213,177452
Oceanside city,Oceanside, California,CA,167555,169599,171334,172976,174190,175126,175473,176193
Ontario city,Ontario, California,CA,164391,165866,166858,167396,168459,170613,172955,175841
Santa Rosa city,Santa Rosa, California,CA,168062,169205,170205,171875,173842,174873,175320,175269
Garden Grove city,Garden Grove, California,CA,171228,173137,174166,174852,174934,174906,175206,174226
Elk Grove city,Elk Grove, California,CA,153424,155719,158295,160510,163017,166306,169454,171844
Corona city,Corona, California,CA,153193,154911,157726,159139,160838,163600,166507,167836
Hayward city,Hayward, California,CA,144796,146977,149596,151985,154646,158153,159445,160500
Lancaster city,Lancaster, California,CA,156854,158230,158576,159457,160128,160378,160289,160316
Salinas city,Salinas, California,CA,150820,152571,154197,155477,156336,156960,157618,157596
Palmdale city,Palmdale, California,CA,152999,154186,155228,156947,157326,157619,157472,157519
Sunnyvale city,Sunnyvale, California,CA,140502,143944,146757,148411,150120,151855,153797,153656
Pomona city,Pomona, California,CA,149096,149788,150656,151276,152405,152561,152697,152939
Escondido city,Escondido, California,CA,144464,146225,147834,149111,150085,151119,151717,151969
Torrance city,Torrance, California,CA,145300,146038,146693,147185,147450,147630,147187,146758
Pasadena city,Pasadena, California,CA,137170,137826,138428,139699,140027,141601,142279,142647
Orange city,Orange, California,CA,136794,138329,139299,139964,139480,140611,140746,140560
Fullerton city,Fullerton, California,CA,135333,136531,138388,138977,139243,140437,140968,140392
Roseville city,Roseville, California,CA,119809,122653,124424,126801,128456,130118,132873,135329
Visalia city,Visalia, California,CA,124816,125726,126629,127590,128805,129735,131096,133010
Concord city,Concord, California,CA,122521,123588,124840,126088,127346,128464,129172,129783
Thousand Oaks city,Thousand Oaks, California,CA,126754,127452,127898,128528,129004,129098,129038,128995
Santa Clara city,Santa Clara, California,CA,116838,117994,119646,120822,122304,126274,126697,127134
Simi Valley city,Simi Valley, California,CA,124495,125156,125524,126179,126611,126589,126518,126878
Victorville city,Victorville, California,CA,116322,118009,120040,120968,121418,121817,122096,122441
Berkeley city,Berkeley, California,CA,112893,114034,115476,117141,118925,120905,121672,122324
Vallejo city,Vallejo, California,CA,116196,116827,117799,118789,119913,120887,121376,122105
Fairfield city,Fairfield, California,CA,105557,106257,107579,109255,110913,112642,114776,116266
El Monte city,El Monte, California,CA,113659,114174,115044,115663,115947,116191,115983,116109
Carlsbad city,Carlsbad, California,CA,105936,107799,109394,111154,112148,113250,113920,115330
Temecula city,Temecula, California,CA,100755,102746,104470,106289,108926,111418,112673,114327
Costa Mesa city,Costa Mesa, California,CA,110168,111099,111819,112299,112558,112889,113018,113825
Murrieta city,Murrieta, California,CA,104123,105330,106551,107462,108191,109571,111719,113326
Downey city,Downey, California,CA,111807,112335,112829,113165,113469,113693,113402,113092
Antioch city,Antioch, California,CA,103106,104266,105714,107538,109278,110464,111224,111674
San Buenaventura (Ventura) city,San Buenaventura (Ventura), California,CA,107476,108440,109236,109622,109869,110093,110404,110790
Inglewood city,Inglewood, California,CA,109710,110647,111139,111288,111246,111154,110800,110598
Richmond city,Richmond, California,CA,103668,104964,106182,107276,108130,109221,109802,110040
Clovis city,Clovis, California,CA,96261,97515,98640,99735,102056,104014,106550,109691
West Covina city,West Covina, California,CA,106156,106843,107329,107653,107824,107969,107935,107598
Daly City city,Daly City, California,CA,101293,102558,104116,105217,106163,106773,107112,107074
Santa Maria city,Santa Maria, California,CA,99714,100440,101393,102392,103404,104876,106302,107014
Norwalk city,Norwalk, California,CA,105570,106011,106210,106410,106540,106644,106314,106084
Jurupa Valley city,Jurupa Valley, California,CA,95625,97274,98495,99643,100276,101669,103440,106028
Burbank city,Burbank, California,CA,103396,103864,104331,104666,104785,104908,104599,104834
San Mateo city,San Mateo, California,CA,97425,98622,100023,101565,102973,103754,104603,104748
El Cajon city,El Cajon, California,CA,99771,100813,101645,102441,102969,103445,103793,103894
Rialto city,Rialto, California,CA,99391,100684,101473,101784,102307,102781,103171,103562
Vista city,Vista, California,CA,93734,94756,95798,96731,97562,100236,101420,101568
Vacaville city,Vacaville, California,CA,92582,93290,93781,94170,95605,96512,98313,100032
Compton city,Compton, California,CA,96481,97047,97576,97875,97966,98012,97710,97612
San Marcos city,San Marcos, California,CA,83972,85109,87012,89658,92665,93537,95346,96198
Mission Viejo city,Mission Viejo, California,CA,93259,94128,94832,96252,96924,96877,96519,96016
South Gate city,South Gate, California,CA,94463,94702,94797,94941,95072,95983,95692,95430
Hesperia city,Hesperia, California,CA,90370,91316,91786,92036,92372,92980,93568,94859
Chico city,Chico, California,CA,86716,87212,87896,88358,89493,90414,91658,93293
Carson city,Carson, California,CA,91626,91792,92365,92787,92994,93104,92986,92735
Santa Monica city,Santa Monica, California,CA,89782,90578,91532,92305,92404,92787,92603,92306
Santa Barbara city,Santa Barbara, California,CA,88486,88730,89520,90369,91144,91622,91916,92101
Redding city,Redding, California,CA,89903,90187,90421,90796,91192,91045,91308,91794
Westminster city,Westminster, California,CA,89789,90792,91397,91832,91806,91856,91809,91564
Tracy city,Tracy, California,CA,83569,84319,84824,85006,85864,87064,89290,90889
Menifee city,Menifee, California,CA,78080,79867,81292,83358,84875,86799,88465,90595
San Leandro city,San Leandro, California,CA,85118,85970,87115,88237,89386,90663,90807,90553
Livermore city,Livermore, California,CA,81593,82635,83970,85613,87201,88374,89682,90295
Chino city,Chino, California,CA,78563,79547,79959,80846,84383,85282,87599,89797
Indio city,Indio, California,CA,79638,81088,82373,83526,85341,87170,88468,89793
Citrus Heights city,Citrus Heights, California,CA,83365,83903,84489,85123,85891,86759,87380,87931
Hawthorne city,Hawthorne, California,CA,84319,85020,85555,86106,87046,88025,88104,87854
Whittier city,Whittier, California,CA,85339,85723,86157,86561,86774,87040,86989,86838
Redwood City city,Redwood City, California,CA,77044,78050,79347,81225,82960,85476,85479,86685
Newport Beach city,Newport Beach, California,CA,85358,86168,86706,87101,86956,86882,86842,86160
Alhambra city,Alhambra, California,CA,83180,83685,84309,84570,85074,85173,85615,85396
Hemet city,Hemet, California,CA,79202,80382,81246,81969,82817,83606,84419,85160
Lake Forest city,Lake Forest, California,CA,77574,78380,78888,79306,79911,82236,83337,84293
Merced city,Merced, California,CA,79147,79804,80400,80919,81393,82108,82630,83081
Buena Park city,Buena Park, California,CA,80807,81631,82211,82916,82864,83041,83298,83015
Pleasanton city,Pleasanton, California,CA,70393,71190,72227,74179,77635,79391,82467,83007
Mountain View city,Mountain View, California,CA,74270,75194,76684,78155,79349,80477,80963,81438
Lakewood city,Lakewood, California,CA,80068,80470,80823,81075,81173,81238,81235,80967
Tustin city,Tustin, California,CA,75491,76301,77730,78314,80377,80352,80540,80498
Chino Hills city,Chino Hills, California,CA,74985,75702,76163,76440,76693,78032,78652,80374
Napa city,Napa, California,CA,77229,77824,78395,78989,79703,80045,80111,79774
Manteca city,Manteca, California,CA,67677,69246,70956,71871,73287,75192,76935,79268
Alameda city,Alameda, California,CA,73968,74750,75775,76640,77688,78583,79199,79177
Milpitas city,Milpitas, California,CA,66743,67183,69005,70108,73726,77611,77957,78106
Folsom city,Folsom, California,CA,72179,72636,73183,72946,75136,76121,77180,78038
Perris city,Perris, California,CA,69001,70469,71331,72436,73667,74829,76284,77879
Bellflower city,Bellflower, California,CA,76630,77006,77359,77601,77778,78081,77918,77772
Upland city,Upland, California,CA,73893,74517,75038,75328,75710,76159,76552,76999
Baldwin Park city,Baldwin Park, California,CA,75441,75834,76351,76573,76639,76726,76566,76402
San Ramon city,San Ramon, California,CA,71614,72236,72967,73701,74484,75260,75810,75931
Union City city,Union City, California,CA,69631,70643,71762,72694,73642,74445,75558,75343
Rancho Cordova city,Rancho Cordova, California,CA,65080,66007,66803,67823,69513,70756,72273,73563
Turlock city,Turlock, California,CA,68768,69217,69748,70319,70970,71909,72751,73556
Pittsburg city,Pittsburg, California,CA,63535,64592,65618,66762,68103,69363,70900,72141
Redlands city,Redlands, California,CA,68813,69359,69728,69924,70364,70797,71196,71554
Lynwood city,Lynwood, California,CA,69615,69734,70728,71340,71427,71668,71294,71099
Walnut Creek city,Walnut Creek, California,CA,64338,64880,65630,66933,67635,68853,69332,69773
Davis city,Davis, California,CA,65590,65696,65879,66322,66691,67481,68118,68986
Yorba Linda city,Yorba Linda, California,CA,64407,65679,66419,66972,67565,67755,68296,68229
Redondo Beach city,Redondo Beach, California,CA,66940,67255,67578,67804,67892,68023,68109,67908
Camarillo city,Camarillo, California,CA,65293,65606,65807,66068,66736,67446,67468,67845
South San Francisco city,South San Francisco, California,CA,63752,64542,65742,66421,67021,67406,67397,67429
Palo Alto city,Palo Alto, California,CA,64576,65432,66258,66800,67031,66904,67490,67178
Yuba City city,Yuba City, California,CA,65650,65419,65382,65667,65888,66290,66429,66860
Lake Elsinore city,Lake Elsinore, California,CA,53744,55227,56231,57927,60357,62222,64088,66411
Laguna Niguel city,Laguna Niguel, California,CA,63131,63834,64262,64538,65270,65612,65382,66334
Lodi city,Lodi, California,CA,62280,62817,63180,63290,63792,64401,64695,65884
Madera city,Madera, California,CA,61524,61893,62442,62846,63416,63969,64545,65508
San Clemente city,San Clemente, California,CA,63603,64302,64727,64989,65123,65340,65411,65267
Santa Cruz city,Santa Cruz, California,CA,60591,61480,62040,62846,63299,64238,64545,65021
Rocklin city,Rocklin, California,CA,57462,58434,58998,59670,60132,61001,62733,64838
Tulare city,Tulare, California,CA,59463,59883,60781,61102,61662,62153,62808,63855
Pico Rivera city,Pico Rivera, California,CA,62967,63285,63567,63768,63853,63923,63732,63522
Eastvale city,Eastvale, California,CA,54053,55056,55816,56537,57798,59783,61369,63211
Montebello city,Montebello, California,CA,62508,62975,63264,63454,63537,63626,63415,63192
Encinitas city,Encinitas, California,CA,59689,60311,60991,61677,62169,62758,63124,63184
La Habra city,La Habra, California,CA,60393,61000,61382,61667,61893,61961,61797,62466
Brentwood city,Brentwood, California,CA,51823,52753,53592,55021,56978,58905,60688,62433
National City city,National City, California,CA,58634,59089,59468,59888,60271,60885,61160,61363
Monterey Park city,Monterey Park, California,CA,60237,60531,60786,60969,61042,61152,61117,61044
Dublin city,Dublin, California,CA,45910,46838,48784,52131,54673,57635,59682,60939
Petaluma city,Petaluma, California,CA,58020,58255,58785,59415,59842,60411,60593,60870
Cupertino city,Cupertino, California,CA,58719,59244,59915,60356,60751,60624,61016,60777
Gardena city,Gardena, California,CA,58850,59181,59500,59949,60041,60172,60138,60224
La Mesa city,La Mesa, California,CA,57157,57692,58203,58680,59004,59872,59955,60021
Woodland city,Woodland, California,CA,55547,55744,56281,56732,57376,58404,59102,60012
Porterville city,Porterville, California,CA,57437,57866,58072,58241,58344,59083,59059,59145
San Rafael city,San Rafael, California,CA,57803,58261,58522,59096,59275,59252,59131,59070
Huntington Park city,Huntington Park, California,CA,58132,58392,58650,58897,59106,59161,58962,58822
Arcadia city,Arcadia, California,CA,56392,56713,56985,57433,57768,58121,58570,58799
Santee city,Santee, California,CA,53647,54566,55475,56267,56970,57635,57876,58113
Gilroy city,Gilroy, California,CA,48948,49674,50757,51944,52585,53260,55396,57664
Diamond Bar city,Diamond Bar, California,CA,55584,55900,56198,56374,56458,56634,56827,56665
Hanford city,Hanford, California,CA,54409,54610,54571,54811,55169,55703,55768,56499
Fountain Valley city,Fountain Valley, California,CA,55484,56008,56433,56739,56840,56828,56631,56313
Novato city,Novato, California,CA,51982,52712,53296,54242,55002,55592,56139,55980
Highland city,Highland, California,CA,53226,53707,54016,54248,54443,54680,54864,55342
Paramount city,Paramount, California,CA,54119,54386,54693,54996,55085,55163,55004,54909
Colton city,Colton, California,CA,52276,52754,53028,53208,53829,54426,54632,54828
Cathedral City city,Cathedral City, California,CA,51485,52138,52576,52969,53326,53667,54094,54596
Rosemead city,Rosemead, California,CA,53809,54082,54337,54549,54616,54655,54584,54554
Watsonville city,Watsonville, California,CA,51279,51626,51960,52509,53073,53664,53910,54098
Yucaipa city,Yucaipa, California,CA,51508,52020,52384,52676,52882,53146,53343,53683
West Sacramento city,West Sacramento, California,CA,48853,49143,49616,50080,51779,52564,53059,53512
Delano city,Delano, California,CA,53133,53660,52481,52427,52572,52660,52752,53138
Palm Desert city,Palm Desert, California,CA,48693,49284,49843,50445,51017,51663,52182,52932
Glendora city,Glendora, California,CA,50517,50808,51039,51392,51365,52102,52250,52445
Placentia city,Placentia, California,CA,51008,51558,51947,52235,52262,52375,52343,52157
Aliso Viejo city,Aliso Viejo, California,CA,48237,48951,49570,50096,50120,50096,51490,51671
Cerritos city,Cerritos, California,CA,49059,49282,49500,49647,49705,49745,50591,51020
Poway city,Poway, California,CA,47961,48666,49084,49480,49774,50018,50080,50041
Castle Rock town,Castle Rock, Colorado,CO,48592,49674,50982,52616,55114,57112,59255,62276
Parker town,Parker, Colorado,CO,45516,46067,46993,48307,49447,51026,52657,54202
Denver city,Denver, Colorado,CO,603218,619356,633798,648049,663271,681618,694777,704621
Colorado Springs city,Colorado Springs, Colorado,CO,420492,427005,432260,437520,441720,448687,457600,464474
Aurora city,Aurora, Colorado,CO,326027,332144,338436,344522,351594,358666,362036,366623
Fort Collins city,Fort Collins, Colorado,CO,145045,146291,149020,152059,156058,160234,162308,165080
Lakewood city,Lakewood, Colorado,CO,142799,144057,145350,146845,149389,151956,153929,154958
Thornton city,Thornton, Colorado,CO,119376,121701,124172,127328,129805,132474,134859,136978
Arvada city,Arvada, Colorado,CO,106794,107900,110036,111688,113497,115171,117477,118807
Westminster city,Westminster, Colorado,CO,106456,107637,108983,110255,111360,112222,112798,112812
Pueblo city,Pueblo, Colorado,CO,106831,107159,107505,107708,107816,108904,110044,111127
Centennial city,Centennial, Colorado,CO,100966,102345,104032,106408,107221,108848,109498,110250
Boulder city,Boulder, Colorado,CO,98770,101049,102053,103607,105281,107462,107844,107125
Greeley city,Greeley, Colorado,CO,93211,94238,95143,96325,98152,100607,103369,105448
Longmont city,Longmont, Colorado,CO,86400,87539,88716,90022,90381,91935,92917,94341
Loveland city,Loveland, Colorado,CO,67049,69131,70147,71042,72159,74532,76080,76701
Broomfield city,Broomfield, Colorado,CO,56214,57445,58899,60065,61706,64796,66509,68341
Grand Junction city,Grand Junction, Colorado,CO,59102,59710,59882,60013,59861,60588,61448,62475
Commerce City city,Commerce City, Colorado,CO,46180,47488,48511,49661,51413,53089,54497,55923
Milford city (balance),Milford, Connecticut,CT,51325,51438,51607,51775,52061,52235,52685,52970
Bridgeport city,Bridgeport, Connecticut,CT,144923,146363,147288,148168,148225,147890,147016,146579
New Haven city,New Haven, Connecticut,CT,129853,130982,131247,131181,130797,130616,130768,131014
Stamford city,Stamford, Connecticut,CT,122839,124182,125222,126708,128277,128794,129654,130824
Hartford city,Hartford, Connecticut,CT,125403,125572,125399,125420,124863,124510,123853,123400
Waterbury city,Waterbury, Connecticut,CT,110403,110207,110139,109980,109708,109190,108750,108629
Norwalk city,Norwalk, Connecticut,CT,86009,86759,87386,88012,88251,88550,88904,89005
Danbury city,Danbury, Connecticut,CT,81355,82222,82899,83852,83908,84500,85385,85246
New Britain city,New Britain, Connecticut,CT,73273,73348,73288,73218,73162,73322,72923,72710
Bristol city,Bristol, Connecticut,CT,60497,60638,60697,60683,60666,60599,60380,60223
Meriden city,Meriden, Connecticut,CT,60879,60792,60756,60649,60509,60207,59898,59927
West Haven city,West Haven, Connecticut,CT,55584,55563,55331,55240,55367,54967,54774,54843
Wilmington city,Wilmington, Delaware,DE,70753,70892,71189,71326,71393,71372,71244,71106
Washington city,Washington, District of Columbia,,605040,620336,635630,650114,660797,672736,684336,693972
Davie town,Davie, Florida,FL,92331,94512,95940,97847,99540,101654,103591,105149
Jupiter town,Jupiter, Florida,FL,55510,56264,57295,58625,60961,63037,64236,64976
Wellington village,Wellington, Florida,FL,56851,57535,58665,60407,61673,62802,64351,64848
Jacksonville city,Jacksonville, Florida,FL,823175,829685,837439,843383,853479,866856,880893,892062
Miami city,Miami, Florida,FL,400864,410932,416157,421149,431645,442277,456632,463347
Tampa city,Tampa, Florida,FL,336766,346495,348520,352387,358959,367668,376047,385430
Orlando city,Orlando, Florida,FL,239198,243505,249990,255317,262730,270778,277879,280257
St. Petersburg city,St. Petersburg, Florida,FL,245216,245877,246782,248661,252635,255668,259919,263255
Hialeah city,Hialeah, Florida,FL,225474,230548,233237,235359,236426,237920,238098,239673
Tallahassee city,Tallahassee, Florida,FL,181598,183143,186458,185780,187346,189003,189255,191049
Port St. Lucie city,Port St. Lucie, Florida,FL,164850,166319,168036,169643,172993,178081,183837,189344
Cape Coral city,Cape Coral, Florida,FL,154731,157319,160626,164444,168560,173683,178379,183365
Fort Lauderdale city,Fort Lauderdale, Florida,FL,166188,169133,171204,172699,175762,178035,179308,180072
Pembroke Pines city,Pembroke Pines, Florida,FL,155193,158255,160381,162386,164484,166272,168597,170712
Hollywood city,Hollywood, Florida,FL,141124,143583,145310,146463,147556,148950,152122,153627
Miramar city,Miramar, Florida,FL,122388,125182,128949,130463,134974,136996,139322,140328
Coral Springs city,Coral Springs, Florida,FL,122341,124627,126290,127483,128670,130024,131462,133037
Gainesville city,Gainesville, Florida,FL,124478,125470,125850,126238,127524,129368,131546,132249
Clearwater city,Clearwater, Florida,FL,108817,108973,109354,110128,111100,112962,114194,115513
Miami Gardens city,Miami Gardens, Florida,FL,107530,110021,111395,112297,112649,113494,113714,113750
Palm Bay city,Palm Bay, Florida,FL,103335,103343,104077,104618,105567,107541,109650,111657
Pompano Beach city,Pompano Beach, Florida,FL,100076,101803,103038,104411,105837,107320,109634,110473
West Palm Beach city,West Palm Beach, Florida,FL,100681,101380,102483,103428,104426,107021,108818,110222
Lakeland city,Lakeland, Florida,FL,97737,98922,99118,100468,102239,103806,106100,108054
Boca Raton city,Boca Raton, Florida,FL,85160,86472,87717,89810,91479,93746,96607,98150
Sunrise city,Sunrise, Florida,FL,84540,86323,88693,89934,90931,92232,93873,94323
Plantation city,Plantation, Florida,FL,85330,86905,88053,90248,91263,92237,92996,93909
Miami Beach city,Miami Beach, Florida,FL,88090,90026,91026,91712,91949,92518,92510,92307
Deltona city,Deltona, Florida,FL,85088,84974,85167,85634,86383,87852,89410,90746
Palm Coast city,Palm Coast, Florida,FL,75500,76654,77412,78481,80194,82159,84446,86516
Largo city,Largo, Florida,FL,79284,79389,79678,80383,80869,81977,84161,84754
Melbourne city,Melbourne, Florida,FL,76417,76602,76953,77516,78428,79524,80844,82011
Deerfield Beach city,Deerfield Beach, Florida,FL,75192,76542,77510,78174,78814,79610,80151,80571
Fort Myers city,Fort Myers, Florida,FL,62506,63820,65541,67861,70547,73545,76741,79943
Boynton Beach city,Boynton Beach, Florida,FL,68342,68843,70040,71335,73259,74144,75957,77702
Lauderhill city,Lauderhill, Florida,FL,67104,68290,69129,69697,70346,71162,71649,71970
Kissimmee city,Kissimmee, Florida,FL,59759,61400,63542,65070,66691,68744,69345,71104
Weston city,Weston, Florida,FL,65592,66867,67797,68480,69145,69931,70484,70944
Homestead city,Homestead, Florida,FL,60814,62648,63687,64859,66064,67112,68944,69907
Delray Beach city,Delray Beach, Florida,FL,60787,61491,62309,64256,65148,66381,67670,68749
Daytona Beach city,Daytona Beach, Florida,FL,61622,61715,62214,62989,63614,65038,67139,68055
North Port city,North Port, Florida,FL,57404,57751,58476,59199,60431,62362,64439,66300
Tamarac city,Tamarac, Florida,FL,60431,61538,62332,62884,63416,64203,65146,65669
Port Orange city,Port Orange, Florida,FL,56615,56717,56994,57540,59044,60236,61531,63203
North Miami city,North Miami, Florida,FL,59773,61062,61712,62166,62259,62512,62430,62225
Doral city,Doral, Florida,FL,45954,47525,48461,50713,54478,56461,58680,61130
Coconut Creek city,Coconut Creek, Florida,FL,53082,54239,55101,56935,58579,59303,59845,61010
Sanford city,Sanford, Florida,FL,53781,54196,54780,56152,57544,58191,58806,59317
Ocala city,Ocala, Florida,FL,56424,56570,56664,56694,57097,57670,58422,59110
Margate city,Margate, Florida,FL,53410,54379,55069,55549,56017,57119,58152,58430
Sarasota city,Sarasota, Florida,FL,52182,52490,52940,53152,54027,54966,56391,56994
Bradenton city,Bradenton, Florida,FL,49153,49478,50067,51044,52160,53735,54890,56508
Bonita Springs city,Bonita Springs, Florida,FL,44069,45032,46358,47692,49421,51885,54366,56088
Palm Beach Gardens city,Palm Beach Gardens, Florida,FL,48745,49293,50072,50987,52190,53252,54288,55036
Pinellas Park city,Pinellas Park, Florida,FL,49298,49712,50001,50350,51269,51893,52520,52854
Pensacola city,Pensacola, Florida,FL,52022,51892,52482,52385,52856,52869,52765,52590
Apopka city,Apopka, Florida,FL,41957,43310,44674,45832,47404,48665,49922,51564
St. Cloud city,St. Cloud, Florida,FL,37840,39335,41058,42406,44528,46621,48349,51282
Coral Gables city,Coral Gables, Florida,FL,46975,48083,49603,50366,50895,51092,51171,51095
Augusta-Richmond County consolidated government (balance),Augusta, Georgia,GA,196165,195682,196859,196435,196607,196930,197357,197166
Macon-Bibb County,Macon, Georgia,GA,155614,156009,156459,154869,154221,153857,153006,152663
Athens-Clarke County unified government (balance),Athens, Georgia,GA,116213,117163,118860,119804,119424,122557,123670,125691
Atlanta city,Atlanta, Georgia,GA,422849,431729,443008,447812,455589,463479,472967,486290
Columbus city,Columbus, Georgia,GA,191110,195332,199051,203274,200714,198882,196307,194058
Savannah city,Savannah, Georgia,GA,137519,140615,142573,142821,144277,145652,146264,146444
Sandy Springs city,Sandy Springs, Georgia,GA,94278,96799,99036,99496,101604,105049,105625,106739
Roswell city,Roswell, Georgia,GA,88811,91033,93368,93785,93832,94072,94601,94786
Johns Creek city,Johns Creek, Georgia,GA,77099,79328,81986,82563,82939,83187,83965,84350
Warner Robins city,Warner Robins, Georgia,GA,69402,70918,71937,72661,73334,73475,74377,74854
Albany city,Albany, Georgia,GA,77420,77889,77529,76390,75942,74929,73953,73179
Alpharetta city,Alpharetta, Georgia,GA,57701,59223,61680,62020,62840,63494,65451,65799
Marietta city,Marietta, Georgia,GA,56836,57550,58379,59014,59836,60180,60966,61048
Smyrna city,Smyrna, Georgia,GA,51318,51875,52590,53337,54769,55978,56600,56685
Valdosta city,Valdosta, Georgia,GA,54975,55796,57178,56105,56341,55851,55819,56085
Stonecrest city,Stonecrest, Georgia,GA,50256,50817,51642,52159,52768,53541,54148,54471
Brookhaven city,Brookhaven, Georgia,GA,49372,49914,50713,51216,51807,52554,52909,53518
Urban Honolulu CDP,Honolulu, Hawaii,HI,339088,342728,346171,349046,350183,352461,351859,350395
Boise City city,Boise City, Idaho,ID,208579,211430,214600,216358,218437,219724,223361,226570
Meridian city,Meridian, Idaho,ID,76719,78927,81369,84336,88443,91360,95436,99926
Nampa city,Nampa, Idaho,ID,81945,82637,83830,86229,87760,89356,90917,93590
Idaho Falls city,Idaho Falls, Idaho,ID,57258,57763,58115,58288,58581,59092,60005,61076
Pocatello city,Pocatello, Idaho,ID,54335,54673,54758,54446,54410,54650,54718,55193
Caldwell city,Caldwell, Idaho,ID,46516,47238,47657,48908,50076,51481,53039,54660
Coeur d'Alene city,Coeur d'Alene, Idaho,ID,44281,44983,45505,46236,47631,48769,49836,50665
Cicero town,Cicero, Illinois,IL,84270,84391,84531,84561,84377,83902,83323,82552
Arlington Heights village,Arlington Heights, Illinois,IL,75261,75491,75889,76086,76136,76014,75908,75634
Bolingbrook village,Bolingbrook, Illinois,IL,73479,73772,73955,73926,74082,74213,74496,75201
Schaumburg village,Schaumburg, Illinois,IL,74295,74507,74740,74872,74885,74670,74692,74184
Palatine village,Palatine, Illinois,IL,68616,68850,69139,69347,69414,69326,69047,68644
Skokie village,Skokie, Illinois,IL,64895,65053,65220,65300,65215,64913,64529,63978
Orland Park village,Orland Park, Illinois,IL,56725,56995,57266,58503,58644,58609,59059,58765
Tinley Park village,Tinley Park, Illinois,IL,56883,57055,57243,57348,57360,57219,57006,56668
Oak Lawn village,Oak Lawn, Illinois,IL,56734,56892,57052,57143,57092,56837,56524,56087
Normal town,Normal, Illinois,IL,52635,53075,53964,54576,54402,54172,54251,54284
Mount Prospect village,Mount Prospect, Illinois,IL,54226,54371,54527,54705,54891,54680,54368,53930
Oak Park village,Oak Park, Illinois,IL,51901,51986,52076,52231,52129,52425,52132,52261
Hoffman Estates village,Hoffman Estates, Illinois,IL,51941,52115,52278,52365,52325,52107,51895,51567
Chicago city,Chicago, Illinois,IL,2697661,2706670,2717989,2724482,2726533,2725154,2720275,2716450
Aurora city,Aurora, Illinois,IL,198195,199086,199671,199919,200345,200566,201228,200965
Joliet city,Joliet, Illinois,IL,147827,148039,148383,148081,147967,147861,148300,148462
Naperville city,Naperville, Illinois,IL,142369,143108,143926,144809,146117,146909,147194,147682
Rockford city,Rockford, Illinois,IL,153166,152108,151253,150584,149371,148465,147800,147051
Springfield city,Springfield, Illinois,IL,116603,117217,117352,117037,116830,116515,115734,114868
Peoria city,Peoria, Illinois,IL,114934,115326,115669,116479,115869,115171,114351,112883
Elgin city,Elgin, Illinois,IL,108322,109132,109671,110170,111108,112124,112517,112456
Waukegan city,Waukegan, Illinois,IL,89139,88946,88773,88883,88790,88380,88219,87729
Champaign city,Champaign, Illinois,IL,81424,82209,83011,83813,84613,85808,86877,87432
Bloomington city,Bloomington, Illinois,IL,76816,77215,77893,79091,78703,78202,78181,77934
Evanston city,Evanston, Illinois,IL,74594,75108,75699,75957,76007,75695,75338,74756
Decatur city,Decatur, Illinois,IL,76140,75944,75473,74980,74219,73388,72805,72174
Des Plaines city,Des Plaines, Illinois,IL,58462,58697,58956,59086,59093,58831,58510,58193
Berwyn city,Berwyn, Illinois,IL,56676,56761,56863,56889,56770,56455,56067,55550
Wheaton city,Wheaton, Illinois,IL,53062,53346,53507,53695,53714,53698,53488,53373
Indianapolis city (balance),Indianapolis, Indiana,IN,821473,827618,835176,844496,849970,854051,857453,863002
Fort Wayne city,Fort Wayne, Indiana,IN,254102,256132,257416,259178,260502,262272,263893,265904
Evansville city,Evansville, Indiana,IN,120092,120201,120355,120464,120365,119888,119357,118930
South Bend city,South Bend, Indiana,IN,101185,101180,100984,101161,101445,101733,102022,102245
Carmel city,Carmel, Indiana,IN,79767,81635,83556,85830,86454,87896,90861,92198
Fishers city,Fishers, Indiana,IN,77802,80447,82316,84370,86860,88743,89903,91832
Bloomington city,Bloomington, Indiana,IN,80602,81489,82126,82415,83311,83636,84400,85071
Hammond city,Hammond, Indiana,IN,80714,80181,79625,78996,78561,77735,77230,76618
Gary city,Gary, Indiana,IN,80211,79706,79192,78597,78085,77267,76595,76008
Lafayette city,Lafayette, Indiana,IN,68896,69788,69937,70780,70822,71137,71941,72390
Muncie city,Muncie, Indiana,IN,70178,70370,69714,69673,69586,69148,68907,68625
Noblesville city,Noblesville, Indiana,IN,52720,54044,55325,56649,57557,58638,60215,61882
Terre Haute city,Terre Haute, Indiana,IN,60781,60963,61129,60867,60730,60547,60602,60774
Kokomo city,Kokomo, Indiana,IN,58062,58063,58061,58051,58000,57834,57657,57836
Greenwood city,Greenwood, Indiana,IN,51224,52073,52838,53700,54482,55307,56368,57375
Anderson city,Anderson, Indiana,IN,56147,55876,55521,55550,55345,55121,55094,55076
Elkhart city,Elkhart, Indiana,IN,51860,51940,52013,52187,52329,52583,52567,52558
Des Moines city,Des Moines, Iowa,IA,204902,207442,209956,211551,213887,215152,216582,217521
Cedar Rapids city,Cedar Rapids, Iowa,IA,126693,127951,128219,128518,129319,130495,131051,132228
Davenport city,Davenport, Iowa,IA,99663,100227,101106,101964,102343,102410,102385,102320
Sioux City city,Sioux City, Iowa,IA,82822,83009,82656,82526,82449,82627,82759,82514
Iowa City city,Iowa City, Iowa,IA,67994,68943,69977,71154,72459,73253,74407,75798
Waterloo city,Waterloo, Iowa,IA,68397,68399,68396,68525,68437,68377,67868,67587
Ames city,Ames, Iowa,IA,59058,60199,61230,62763,64429,65474,65838,66498
West Des Moines city,West Des Moines, Iowa,IA,56858,57559,58126,59704,61798,63487,64587,65608
Ankeny city,Ankeny, Iowa,IA,45837,47038,48358,50778,53297,56114,58639,62416
Council Bluffs city,Council Bluffs, Iowa,IA,62368,62487,62137,62069,62338,62511,62425,62316
Dubuque city,Dubuque, Iowa,IA,57682,57931,58137,58444,58517,58548,58228,58276
Wichita city,Wichita, Kansas,KS,382743,383663,385720,387178,388333,389081,390116,390591
Overland Park city,Overland Park, Kansas,KS,174037,175967,178649,180892,183942,185953,188867,191278
Kansas City city,Kansas City, Kansas,KS,145907,146257,147559,148923,150010,151241,152159,152938
Olathe city,Olathe, Kansas,KS,126255,128265,129927,131757,132799,134092,135601,137472
Topeka city,Topeka, Kansas,KS,127909,128189,128066,127692,127420,127259,126787,126587
Lawrence city,Lawrence, Kansas,KS,88096,89067,89881,91061,92625,93830,95363,96892
Shawnee city,Shawnee, Kansas,KS,62319,62994,63551,64225,64432,64894,65210,65513
Manhattan city,Manhattan, Kansas,KS,52534,54093,56530,56009,55543,56113,54772,54832
Lenexa city,Lenexa, Kansas,KS,48306,48861,49356,50280,50925,52371,52918,53553
Louisville/Jefferson County metro government (balance),Louisville, Kentucky,KY,596990,600444,604588,610031,612679,615435,618030,621349
Lexington-Fayette urban county,Lexington-Fayette, Kentucky,KY,296702,301368,305303,308591,310886,315055,319052,321959
Bowling Green city,Bowling Green, Kentucky,KY,59238,59835,60718,61987,62741,64126,65539,67067
Owensboro city,Owensboro, Kentucky,KY,57465,57714,58105,58291,58337,58891,59121,59404
New Orleans city,New Orleans, Louisiana,LA,347824,360661,370080,379125,384763,390711,393021,393292
Baton Rouge city,Baton Rouge, Louisiana,LA,229514,228699,229144,228702,228435,227864,227352,225374
Shreveport city,Shreveport, Louisiana,LA,200884,201747,201848,199999,197852,196649,194394,192036
Lafayette city,Lafayette, Louisiana,LA,121770,122525,123536,124837,126092,127068,127429,126848
Lake Charles city,Lake Charles, Louisiana,LA,72167,72477,73282,73487,74125,75290,76044,77117
Bossier City city,Bossier City, Louisiana,LA,61981,63348,65241,65985,66910,68037,68071,68554
Kenner city,Kenner, Louisiana,LA,66723,66883,66953,67051,67080,67234,67449,67451
Portland city,Portland, Maine,ME,66086,66164,66267,66385,66661,66777,66892,66882
Baltimore city,Baltimore, Maryland,MD,621026,620839,623387,623280,624062,623031,616958,611648
Frederick city,Frederick, Maryland,MD,65478,66007,66479,66952,68433,69555,70180,71408
Gaithersburg city,Gaithersburg, Maryland,MD,60183,61537,63148,65894,66834,67459,68158,68710
Rockville city,Rockville, Maryland,MD,61492,62146,63262,63880,65596,66954,67331,68401
Bowie city,Bowie, Maryland,MD,55494,56103,56687,57279,57972,58455,58699,58859
Boston city,Boston, Massachusetts,MA,620702,630072,641955,652039,661103,669255,678430,685094
Worcester city,Worcester, Massachusetts,MA,181830,182457,182627,183421,184592,184873,185119,185677
Springfield city,Springfield, Massachusetts,MA,153604,153878,154021,154173,154566,154954,154565,154758
Cambridge city,Cambridge, Massachusetts,MA,105028,105906,106298,108026,110056,110516,112183,113630
Lowell city,Lowell, Massachusetts,MA,106739,107726,108816,109971,110600,111341,111472,111346
Brockton city,Brockton, Massachusetts,MA,93796,94110,94030,94377,94839,95434,95373,95672
New Bedford city,New Bedford, Massachusetts,MA,95052,94896,95010,95103,95159,95166,95143,95120
Quincy city,Quincy, Massachusetts,MA,92455,92548,92956,93474,93661,93758,94053,94166
Lynn city,Lynn, Massachusetts,MA,90521,90704,91415,92022,92547,93261,93420,94063
Fall River city,Fall River, Massachusetts,MA,88873,88823,88857,89023,89180,89367,89355,89420
Newton city,Newton, Massachusetts,MA,85334,85786,87034,87636,88311,88730,88742,88994
Somerville city,Somerville, Massachusetts,MA,75826,76656,77610,78706,79015,79832,81106,81360
Lawrence city,Lawrence, Massachusetts,MA,76575,77291,77926,78416,79201,79784,79922,80162
Haverhill city,Haverhill, Massachusetts,MA,60989,61499,61843,62270,62587,62896,63252,63639
Waltham city,Waltham, Massachusetts,MA,60859,61351,62047,62430,63139,63096,63052,62442
Malden city,Malden, Massachusetts,MA,59592,60030,60524,60984,61176,61416,61336,61246
Medford city,Medford, Massachusetts,MA,56311,56730,57193,57442,57513,57823,57876,57797
Taunton city,Taunton, Massachusetts,MA,55898,55927,56052,56184,56737,56914,57002,57139
Weymouth Town city,Weymouth Town, Massachusetts,MA,53823,54177,55045,55450,55693,55777,55865,56664
Chicopee city,Chicopee, Massachusetts,MA,55287,55566,55762,55864,56236,55853,55434,55515
Revere city,Revere, Massachusetts,MA,51844,52621,53182,53643,53682,53960,53958,53993
Peabody city,Peabody, Massachusetts,MA,51377,51614,51878,52215,52447,52658,52804,52987
Methuen Town city,Methuen Town, Massachusetts,MA,47360,47717,48036,48626,49292,49745,49915,50259
Detroit city,Detroit, Michigan,MI,711043,704640,699385,690845,681499,678250,675480,673104
Grand Rapids city,Grand Rapids, Michigan,MI,187992,189008,190617,192725,194054,194847,196251,198829
Warren city,Warren, Michigan,MI,134060,134060,134418,135078,135428,135197,135030,135022
Sterling Heights city,Sterling Heights, Michigan,MI,129704,129947,130520,131309,131919,131875,132334,132631
Ann Arbor city,Ann Arbor, Michigan,MI,114093,115345,115787,116413,118308,119624,120713,121477
Lansing city,Lansing, Michigan,MI,114270,114317,114280,114236,114497,114731,115797,116986
Flint city,Flint, Michigan,MI,102024,101220,100187,99423,98548,97738,96985,96448
Dearborn city,Dearborn, Michigan,MI,97845,97115,96775,95929,95822,95327,94819,94491
Livonia city,Livonia, Michigan,MI,96705,96167,95901,95187,95163,94767,94359,94105
Troy city,Troy, Michigan,MI,81014,81530,82094,82766,83108,83219,83717,83813
Westland city,Westland, Michigan,MI,83948,83461,83237,82531,82489,82171,81907,81747
Farmington Hills city,Farmington Hills, Michigan,MI,79743,80215,80737,81242,81446,81253,81182,81050
Wyoming city,Wyoming, Michigan,MI,72131,72694,73428,74203,74866,75201,75542,75938
Kalamazoo city,Kalamazoo, Michigan,MI,74334,74658,75478,75708,76022,75791,75766,75807
Rochester Hills city,Rochester Hills, Michigan,MI,71039,71597,72306,72913,73115,73392,73532,74205
Southfield city,Southfield, Michigan,MI,71760,72131,72548,73128,73409,73152,73165,73208
Taylor city,Taylor, Michigan,MI,62978,62593,62397,61869,61970,61675,61435,61276
Pontiac city,Pontiac, Michigan,MI,59618,59763,60107,60218,60202,60004,59894,59792
Novi city,Novi, Michigan,MI,55280,55970,56918,57953,58426,58722,59348,59715
St. Clair Shores city,St. Clair Shores, Michigan,MI,59754,59745,59906,60076,59976,59831,59700,59635
Royal Oak city,Royal Oak, Michigan,MI,57253,58141,58480,58860,58984,58930,59051,59112
Dearborn Heights city,Dearborn Heights, Michigan,MI,57636,57243,57053,56572,56505,56230,55965,55758
Kentwood city,Kentwood, Michigan,MI,48735,49169,49706,50295,50796,51309,51679,51747
Battle Creek city,Battle Creek, Michigan,MI,52303,51955,51810,51708,51684,51474,51369,51286
Saginaw city,Saginaw, Michigan,MI,51387,51021,50725,50261,49773,49201,48869,48677
Minneapolis city,Minneapolis, Minnesota,MN,383074,388086,392953,400464,407395,411426,415622,422331
St. Paul city,St. Paul, Minnesota,MN,285441,288898,291504,295369,297928,300377,303637,306621
Rochester city,Rochester, Minnesota,MN,107011,108071,108915,110456,111186,112089,113964,115733
Duluth city,Duluth, Minnesota,MN,86189,86226,86150,86038,86101,86002,86101,86066
Bloomington city,Bloomington, Minnesota,MN,83038,83945,84908,85167,85126,85273,85572,85866
Brooklyn Park city,Brooklyn Park, Minnesota,MN,75965,76890,77943,78550,78881,79330,79972,80581
Plymouth city,Plymouth, Minnesota,MN,70710,71704,73134,74166,75236,76104,77447,78395
Maple Grove city,Maple Grove, Minnesota,MN,61780,63204,64537,65512,67024,68477,69784,71066
Woodbury city,Woodbury, Minnesota,MN,62249,63550,64470,65545,66665,67532,68616,69756
St. Cloud city,St. Cloud, Minnesota,MN,65940,65886,65945,66120,66508,67223,67590,67984
Eagan city,Eagan, Minnesota,MN,64200,64494,64902,65445,66017,66210,66302,66627
Blaine city,Blaine, Minnesota,MN,57406,58188,59448,60537,61442,62446,63335,64557
Eden Prairie city,Eden Prairie, Minnesota,MN,60900,61673,62422,62738,63393,63669,64082,64400
Lakeville city,Lakeville, Minnesota,MN,56160,56714,57490,58738,59999,60802,62000,63748
Coon Rapids city,Coon Rapids, Minnesota,MN,61531,61550,61960,62083,62190,62310,62452,62656
Burnsville city,Burnsville, Minnesota,MN,60379,60645,60876,61170,61318,61186,61278,61439
Minnetonka city,Minnetonka, Minnesota,MN,49797,50651,51257,51492,51600,51790,52519,53085
Apple Valley city,Apple Valley, Minnesota,MN,49155,49506,49749,49964,50221,50962,51938,52435
Edina city,Edina, Minnesota,MN,48038,48691,49224,49550,49744,50297,51500,51958
Jackson city,Jackson, Mississippi,MS,173728,175087,174778,172872,171930,170752,169005,166965
Gulfport city,Gulfport, Mississippi,MS,67897,68810,69740,70759,71109,71262,71523,71822
Southaven city,Southaven, Mississippi,MS,49119,49719,50371,50944,51681,52442,53107,54031
Kansas City city,Kansas City, Missouri,MO,460734,462219,464588,467372,470941,475310,482118,488943
St. Louis city,St. Louis, Missouri,MO,319365,319102,319363,318575,317732,316257,313144,308626
Springfield city,Springfield, Missouri,MO,159476,160273,161975,163806,164870,166201,166681,167376
Columbia city,Columbia, Missouri,MO,109403,111355,113466,115415,117020,118565,120412,121717
Independence city,Independence, Missouri,MO,116871,116861,117300,117310,117581,117315,117365,117306
Lee's Summit city,Lee's Summit, Missouri,MO,91521,91884,92370,92998,93796,94927,96134,97290
O'Fallon city,O'Fallon, Missouri,MO,79854,81050,82039,83072,84174,85030,86477,87597
St. Joseph city,St. Joseph, Missouri,MO,76676,77169,77331,77254,77046,76633,76740,76442
St. Charles city,St. Charles, Missouri,MO,66300,66508,66879,68058,68477,69022,69327,70329
St. Peters city,St. Peters, Missouri,MO,52773,53366,54028,54802,55990,56714,57151,57178
Blue Springs city,Blue Springs, Missouri,MO,52680,52761,53002,53191,53526,54054,54462,54945
Joplin city,Joplin, Missouri,MO,50898,51145,50233,50661,51173,51548,51973,52288
Florissant city,Florissant, Missouri,MO,52272,52434,52409,52320,52239,52116,51712,51443
Billings city,Billings, Montana,MT,104514,105440,106776,108485,108350,109506,109482,109642
Missoula city,Missoula, Montana,MT,66962,67551,68380,68803,69530,70592,72003,73340
Great Falls city,Great Falls, Montana,MT,59212,59361,59246,59477,59296,59226,58845,58876
Omaha city,Omaha, Nebraska,NB,450044,452663,455962,458910,460992,463421,465233,466893
Lincoln city,Lincoln, Nebraska,NB,259169,262498,265764,269192,274019,277387,281236,284736
Bellevue city,Bellevue, Nebraska,NB,51648,51874,52425,52816,52712,52979,53290,53424
Grand Island city,Grand Island, Nebraska,NB,48824,49448,49981,50431,50974,51098,51332,51390
Las Vegas city,Las Vegas, Nevada,NV,584752,588044,595438,602227,611503,621481,631710,641676
Henderson city,Henderson, Nevada,NV,257567,259434,264287,269529,275920,284087,292005,302539
Reno city,Reno, Nevada,NV,225767,227492,229556,231768,235101,239203,243698,248853
North Las Vegas city,North Las Vegas, Nevada,NV,216889,218821,222663,226355,230019,234062,238495,242975
Sparks city,Sparks, Nevada,NV,91209,91716,92585,93559,94891,96132,98622,100888
Carson City,Carson, Nevada,NV,54988,54703,54362,53791,54155,54123,54283,54745
Manchester city,Manchester, New Hampshire,NH,109627,109853,110272,110314,110421,110295,110747,111196
Nashua city,Nashua, New Hampshire,NH,86578,86672,86644,86979,87241,87696,87929,88341
West New York town,West New York, New Jersey,NJ,49897,50747,51371,52041,52597,53773,54014,54227
Newark city,Newark, New Jersey,NJ,277332,278078,278790,280005,281660,282854,284386,285154
Jersey City city,Jersey City, New Jersey,NJ,248639,254094,258703,261109,264009,266286,267446,270753
Paterson city,Paterson, New Jersey,NJ,146499,145981,146944,147313,147605,147829,148031,148678
Elizabeth city,Elizabeth, New Jersey,NJ,125343,126108,127266,128307,129062,129315,129882,130215
Clifton city,Clifton, New Jersey,NJ,84201,84888,85153,85597,86095,86320,86414,86607
Trenton city,Trenton, New Jersey,NJ,85024,85011,85030,85138,84937,84621,84635,84964
Camden city,Camden, New Jersey,NJ,77010,77306,77058,76728,76219,75826,74513,74532
Passaic city,Passaic, New Jersey,NJ,69906,70325,70361,70671,71040,71137,71148,71247
Union City city,Union City, New Jersey,NJ,66508,67736,68505,69250,69680,69680,70167,70387
Bayonne city,Bayonne, New Jersey,NJ,63125,64250,64911,65737,66727,66825,67076,67186
East Orange city,East Orange, New Jersey,NJ,64203,64494,64500,64719,64962,65255,65359,65378
Vineland city,Vineland, New Jersey,NJ,60829,61047,61080,61081,61138,60867,60653,60392
New Brunswick city,New Brunswick, New Jersey,NJ,54925,55452,55745,56411,56574,56802,57082,57073
Hoboken city,Hoboken, New Jersey,NJ,50100,50989,51981,52948,53509,54033,55044,55131
Perth Amboy city,Perth Amboy, New Jersey,NJ,50945,51287,51900,52250,52546,52518,52690,52823
Plainfield city,Plainfield, New Jersey,NJ,49810,50051,50349,50741,50980,51231,51140,51327
Albuquerque city,Albuquerque, New Mexico,NM,546866,551335,553998,555499,555793,556205,557509,558545
Las Cruces city,Las Cruces, New Mexico,NM,98352,100143,100906,100877,100885,100738,100973,101712
Rio Rancho city,Rio Rancho, New Mexico,NM,87944,89413,90350,91221,91852,92980,94346,96159
Santa Fe city,Santa Fe, New Mexico,NM,81030,81621,82022,82339,82594,82880,83287,83776
Hempstead village,Hempstead, New York,NY,54074,54221,55068,55625,55705,55700,55735,55806
New York city,New York, New York,NY,8193703,8292688,8383504,8458642,8521135,8582459,8615426,8622698
Buffalo city,Buffalo, New York,NY,261385,260930,260534,260630,260463,259522,258463,258612
Rochester city,Rochester, New York,NY,210480,210859,210868,210900,210228,209511,208710,208046
Yonkers city,Yonkers, New York,NY,196454,197852,198532,199606,200484,201111,201738,202019
Syracuse city,Syracuse, New York,NY,145283,144664,144641,145406,144815,144400,143941,143396
Albany city,Albany, New York,NY,97756,98025,98550,98734,98673,98478,98387,98251
New Rochelle city,New Rochelle, New York,NY,77245,77802,78525,79605,79792,79987,80108,79946
Mount Vernon city,Mount Vernon, New York,NY,67416,67846,68021,68435,68610,68787,68824,68703
Schenectady city,Schenectady, New York,NY,66156,66131,66151,65952,65968,65659,65268,65625
Utica city,Utica, New York,NY,62210,62061,61906,61761,61424,61065,60716,60635
White Plains city,White Plains, New York,NY,56970,57272,57413,57914,58077,58455,58499,59047
Troy city,Troy, New York,NY,50084,50031,49879,49973,50038,49882,49703,49565
Niagara Falls city,Niagara Falls, New York,NY,50139,49902,49677,49490,49252,48941,48687,48460
Cary town,Cary, North Carolina,NC,136943,142244,146199,151366,155428,159725,162478,165904
Chapel Hill town,Chapel Hill, North Carolina,NC,57395,57420,58702,58852,59125,59117,59283,59862
Huntersville town,Huntersville, North Carolina,NC,46957,48095,49337,50573,51633,52867,55155,56212
Apex town,Apex, North Carolina,NC,37803,38850,40509,42229,43928,45540,47439,50451
Charlotte city,Charlotte, North Carolina,NC,738500,755807,774253,792874,808320,826710,843484,859035
Raleigh city,Raleigh, North Carolina,NC,406337,414383,423521,431470,439784,449963,459048,464758
Greensboro city,Greensboro, North Carolina,NC,269581,272624,276222,279482,282476,285034,287018,290222
Durham city,Durham, North Carolina,NC,229177,234071,239843,245625,252003,257389,263138,267743
Winston-Salem city,Winston-Salem, North Carolina,NC,230047,232066,234023,235918,238726,240008,241805,244605
Fayetteville city,Fayetteville, North Carolina,NC,208318,208765,208877,211033,210089,209714,210934,209889
Wilmington city,Wilmington, North Carolina,NC,106713,108134,109682,111708,113384,115126,116985,119045
High Point city,High Point, North Carolina,NC,104677,105838,106607,107614,108811,110305,111214,111513
Greenville city,Greenville, North Carolina,NC,84950,86141,87510,88749,89179,90473,91196,92156
Concord city,Concord, North Carolina,NC,79482,80661,82095,83394,85404,87449,89720,92067
Asheville city,Asheville, North Carolina,NC,83403,84391,85276,86317,87828,89347,91190,91902
Gastonia city,Gastonia, North Carolina,NC,71725,71921,72540,72851,73263,74136,75125,76593
Jacksonville city,Jacksonville, North Carolina,NC,77854,74955,76122,75418,73959,74021,72444,72447
Rocky Mount city,Rocky Mount, North Carolina,NC,57696,57429,56780,56355,55950,55108,54979,54523
Burlington city,Burlington, North Carolina,NC,50977,51009,51050,51182,51365,51762,52123,53077
Fargo city,Fargo, North Dakota,ND,105935,107703,110237,113817,115803,118147,120356,122359
Bismarck city,Bismarck, North Dakota,ND,61562,62966,64931,67249,69012,71267,72332,72865
Grand Forks city,Grand Forks, North Dakota,ND,53004,52686,53522,54871,55851,56567,56834,57056
Columbus city,Columbus, Ohio,OH,790812,800388,812275,825906,839646,852305,863741,879170
Cleveland city,Cleveland, Ohio,OH,395978,392723,391596,391555,390653,389009,387451,385525
Cincinnati city,Cincinnati, Ohio,OH,296794,295990,296691,297451,298153,298860,299127,301301
Toledo city,Toledo, Ohio,OH,286994,285303,283062,282106,280500,279613,278606,276491
Akron city,Akron, Ohio,OH,198946,198967,198832,198721,198746,198265,197711,197846
Dayton city,Dayton, Ohio,OH,142330,141958,141856,141877,140973,140677,140743,140371
Parma city,Parma, Ohio,OH,81472,80982,80643,80412,80127,79998,79591,79167
Canton city,Canton, Ohio,OH,73073,72823,72791,72550,72283,71823,71294,70909
Youngstown city,Youngstown, Ohio,OH,66907,66573,66074,65469,65151,64704,64360,64604
Lorain city,Lorain, Ohio,OH,64071,63924,63735,63687,63728,63617,63700,63841
Hamilton city,Hamilton, Ohio,OH,62327,62300,62197,62218,62336,62255,62157,62092
Springfield city,Springfield, Ohio,OH,60573,60288,60100,59884,59739,59436,58902,59208
Kettering city,Kettering, Ohio,OH,56145,56007,55926,55757,55517,55339,55218,55175
Elyria city,Elyria, Ohio,OH,54497,54327,54166,54097,54067,53914,53880,53883
Lakewood city,Lakewood, Ohio,OH,52031,51667,51405,51224,51058,50780,50500,50249
Oklahoma City city,Oklahoma City, Oklahoma,OK,582253,590205,600204,611252,620892,631149,639163,643648
Tulsa city,Tulsa, Oklahoma,OK,392403,392768,394482,398294,399779,403060,403333,401800
Norman city,Norman, Oklahoma,OK,111385,113766,115521,118002,117567,119518,121317,122843
Broken Arrow city,Broken Arrow, Oklahoma,OK,99252,100153,102156,103597,104939,106767,107737,108303
Lawton city,Lawton, Oklahoma,OK,97854,98130,98185,96510,96338,95446,93763,93714
Edmond city,Edmond, Oklahoma,OK,81458,82849,84820,86897,88587,90063,91370,91950
Moore city,Moore, Oklahoma,OK,55397,56650,57782,58287,58949,60046,60976,61523
Midwest City city,Midwest City, Oklahoma,OK,54578,55335,56185,56804,57078,57244,57392,57308
Enid city,Enid, Oklahoma,OK,49502,49442,49901,50703,51041,51404,50785,50122
Portland city,Portland, Oregon,OR,585340,593965,602955,609059,619740,631731,641494,647805
Salem city,Salem, Oregon,OR,155030,155815,157073,158618,160505,163093,166378,169798
Eugene city,Eugene, Oregon,OR,156506,157153,157976,158248,160058,162815,165665,168916
Gresham city,Gresham, Oregon,OR,105993,107423,108503,109048,109832,110298,111420,111053
Hillsboro city,Hillsboro, Oregon,OR,92529,94014,96117,98031,99698,102496,104888,106894
Beaverton city,Beaverton, Oregon,OR,90146,91364,92388,93205,94632,95851,97422,97514
Bend city,Bend, Oregon,OR,76636,77518,78559,80852,83472,86242,90615,94520
Medford city,Medford, Oregon,OR,74990,75515,76069,76778,77692,79420,80557,81780
Springfield city,Springfield, Oregon,OR,59411,59728,59848,59916,60060,60370,61417,62353
Corvallis city,Corvallis, Oregon,OR,54393,54554,54950,54568,55362,56242,56945,57961
Albany city,Albany, Oregon,OR,50337,50921,50997,50930,51334,51651,52660,53503
Tigard city,Tigard, Oregon,OR,48302,49094,49687,50280,50590,51012,51768,53148
Philadelphia city,Philadelphia, Pennsylvania,PA,1528271,1539649,1551944,1558109,1564042,1570507,1574765,1580863
Pittsburgh city,Pittsburgh, Pennsylvania,PA,305405,306022,306469,307064,306181,304453,305017,302407
Allentown city,Allentown, Pennsylvania,PA,118111,118762,118926,118913,119320,120324,120670,121283
Erie city,Erie, Pennsylvania,PA,101758,101543,101322,100546,99721,99037,98289,97369
Reading city,Reading, Pennsylvania,PA,88123,88252,88234,88375,88281,88163,88207,88423
Scranton city,Scranton, Pennsylvania,PA,76089,75924,76022,75812,75400,77127,77199,77605
Bethlehem city,Bethlehem, Pennsylvania,PA,74995,75080,75089,74929,75057,75084,75402,75707
Lancaster city,Lancaster, Pennsylvania,PA,59335,59458,59462,59470,59518,59581,59646,59708
Providence city,Providence, Rhode Island,RI,178083,178300,178651,178480,179230,179408,179954,180393
Cranston city,Cranston, Rhode Island,RI,80445,80511,80656,80651,80963,81051,81065,81202
Warwick city,Warwick, Rhode Island,RI,82584,81970,81633,81490,81667,81070,80958,80871
Pawtucket city,Pawtucket, Rhode Island,RI,71208,71292,71438,71500,71662,71757,71867,72001
Mount Pleasant town,Mount Pleasant, South Carolina,SC,67965,69289,71660,74407,77395,81045,83856,86668
Summerville town,Summerville, South Carolina,SC,42886,43695,44425,45663,47072,48933,49045,50388
Charleston city,Charleston, South Carolina,SC,120338,122668,124894,126876,128981,131794,133859,134875
Columbia city,Columbia, South Carolina,SC,130184,130736,131179,130960,131208,132974,133514,133114
North Charleston city,North Charleston, South Carolina,SC,97963,99941,102163,104268,107017,109044,109732,110861
Rock Hill city,Rock Hill, South Carolina,SC,66559,67280,67819,68476,69357,70866,72108,73068
Greenville city,Greenville, South Carolina,SC,59301,59719,60078,60536,61349,63384,66928,68219
Sioux Falls city,Sioux Falls, South Dakota,SD,154542,156578,159776,163819,167445,170533,173322,176888
Rapid City city,Rapid City, South Dakota,SD,68620,69031,70153,71181,72453,72817,73407,74421
Nashville-Davidson metropolitan government (balance),Nashville, Tennessee,TN,604799,612206,625529,635702,645950,656962,664762,667560
Collierville town,Collierville, Tennessee,TN,45666,45932,46429,47334,48749,48981,49481,50286
Memphis city,Memphis, Tennessee,TN,652331,655407,658955,657580,655788,654753,653369,652236
Knoxville city,Knoxville, Tennessee,TN,178455,180060,181265,182129,183063,184411,185385,187347
Chattanooga city,Chattanooga, Tennessee,TN,170586,172008,173637,174762,174429,175849,177208,179139
Clarksville city,Clarksville, Tennessee,TN,133498,136089,142549,142148,145864,148246,149407,153205
Murfreesboro city,Murfreesboro, Tennessee,TN,109605,111758,113882,116880,120589,125644,131433,136372
Franklin city,Franklin, Tennessee,TN,62849,64333,66286,68834,70546,72505,74685,78321
Jackson city,Jackson, Tennessee,TN,66841,66715,67051,67462,67071,66729,66751,66847
Johnson City city,Johnson City, Tennessee,TN,63633,64021,64452,64787,65196,65552,66233,66391
Bartlett city,Bartlett, Tennessee,TN,57012,57343,58190,58182,58319,58639,58878,59102
Hendersonville city,Hendersonville, Tennessee,TN,51468,52250,52896,53791,54829,55562,56526,57517
Kingsport city,Kingsport, Tennessee,TN,52748,52707,52535,52611,52627,52566,52358,53374
Flower Mound town,Flower Mound, Texas,TX,64861,66016,67771,68360,69535,70935,73503,76681
Houston city,Houston, Texas,TX,2099256,2125450,2159824,2198244,2238795,2282235,2304482,2312717
San Antonio city,San Antonio, Texas,TX,1333413,1357900,1383505,1408910,1435554,1464147,1487738,1511946
Dallas city,Dallas, Texas,TX,1200468,1218631,1242035,1258932,1278504,1299793,1322140,1341075
Austin city,Austin, Texas,TX,806463,828700,854350,874910,900621,919974,938200,950715
Fort Worth city,Fort Worth, Texas,TX,748569,764088,781040,796161,814571,834968,855504,874168
El Paso city,El Paso, Texas,TX,650586,663800,673745,673943,676532,676391,680797,683577
Arlington city,Arlington, Texas,TX,366125,370506,375895,379223,382809,388594,394017,396394
Corpus Christi city,Corpus Christi, Texas,TX,305331,308113,312358,316941,320630,324683,325763,325605
Plano city,Plano, Texas,TX,261236,267175,272414,274771,277914,283006,286132,286143
Laredo city,Laredo, Texas,TX,237047,241158,245413,249442,252734,255483,258232,260654
Lubbock city,Lubbock, Texas,TX,230791,233610,236175,239497,244205,247745,251254,253888
Irving city,Irving, Texas,TX,216852,219909,225656,228940,232430,236876,239573,240373
Garland city,Garland, Texas,TX,227289,230006,233600,234558,235325,236742,235868,238002
Amarillo city,Amarillo, Texas,TX,191255,193763,195360,196173,196997,197628,198576,199826
Grand Prairie city,Grand Prairie, Texas,TX,175970,178859,181982,183891,185718,188197,191874,193837
Brownsville city,Brownsville, Texas,TX,175378,178084,179518,180643,181730,181768,182736,183299
McKinney city,McKinney, Texas,TX,132950,137994,143513,149198,156971,163136,172984,181330
Frisco city,Frisco, Texas,TX,118116,123459,128468,136806,144870,154078,163816,177286
Pasadena city,Pasadena, Texas,TX,149527,151232,152533,153480,154246,154198,154128,153520
Killeen city,Killeen, Texas,TX,128983,130812,134232,136327,137624,140187,142960,145482
Mesquite city,Mesquite, Texas,TX,139775,141241,143210,143490,144332,144692,144343,143949
McAllen city,McAllen, Texas,TX,131558,133996,135539,136804,138232,139634,141776,142696
Waco city,Waco, Texas,TX,125405,126471,127459,128909,129745,131687,133321,136436
Denton city,Denton, Texas,TX,117052,120198,123660,125184,128403,131276,134385,136268
Midland city,Midland, Texas,TX,111279,113899,119759,124163,128262,133239,134702,136089
Carrollton city,Carrollton, Texas,TX,119437,122414,125321,126376,128065,132686,133321,135710
Round Rock city,Round Rock, Texas,TX,100759,103866,106542,109611,112750,116036,120848,123678
Abilene city,Abilene, Texas,TX,117807,118764,119852,119745,120450,121490,121590,121885
Pearland city,Pearland, Texas,TX,94075,96392,99457,103068,106253,111644,116360,119940
Beaumont city,Beaumont, Texas,TX,117364,117814,116882,117993,117651,118392,118921,119114
Odessa city,Odessa, Texas,TX,99825,102012,105933,110241,114546,118563,117172,116861
Richardson city,Richardson, Texas,TX,99555,101636,103653,105130,109009,110622,113608,116783
College Station city,College Station, Texas,TX,94655,95711,97769,100588,103312,108731,110908,113564
Lewisville city,Lewisville, Texas,TX,95855,97510,99591,101048,102773,103641,104626,106021
Tyler city,Tyler, Texas,TX,97171,97977,98912,99748,101494,102721,103930,104991
League City city,League City, Texas,TX,84077,86308,88287,90887,94322,98179,102093,104903
Wichita Falls city,Wichita Falls, Texas,TX,104829,104026,104676,104942,105277,103863,104211,104747
Allen city,Allen, Texas,TX,84925,87724,89840,92195,94120,98044,99338,100685
San Angelo city,San Angelo, Texas,TX,93625,94536,95860,97108,98658,99803,99956,100119
Edinburg city,Edinburg, Texas,TX,76807,79015,80377,82521,84551,86102,87179,90280
Sugar Land city,Sugar Land, Texas,TX,79096,80380,81665,83552,86482,87815,88114,88485
Mission city,Mission, Texas,TX,78110,79690,80862,81546,82347,83176,83740,84424
Conroe city,Conroe, Texas,TX,65265,66984,69231,70279,73337,75907,81630,84378
Bryan city,Bryan, Texas,TX,76520,77187,77826,78984,80606,81955,83188,84021
Longview city,Longview, Texas,TX,80565,80994,81149,81241,81250,81875,81690,81522
Pharr city,Pharr, Texas,TX,70788,72117,73280,74207,75494,76673,77848,79487
New Braunfels city,New Braunfels, Texas,TX,58109,59364,60918,63065,65922,70136,73319,79152
Baytown city,Baytown, Texas,TX,71865,72646,73409,75428,76040,76353,76443,76804
Cedar Park city,Cedar Park, Texas,TX,55755,58836,61529,64855,67234,69636,72630,75704
Temple city,Temple, Texas,TX,66609,67104,68739,69546,70208,71730,72967,74503
Missouri City city,Missouri City, Texas,TX,67065,67636,68321,69599,71293,73668,74312,74497
Georgetown city,Georgetown, Texas,TX,48000,50316,52526,54886,59065,63608,67068,70685
North Richland Hills city,North Richland Hills, Texas,TX,63480,64309,65284,67270,68413,69087,69891,70441
Mansfield city,Mansfield, Texas,TX,56860,58207,59625,61197,62617,64707,66271,68928
Victoria city,Victoria, Texas,TX,62676,63097,64210,64976,65887,67148,67383,67106
Harlingen city,Harlingen, Texas,TX,65062,65578,65695,65653,65524,65289,65355,65467
Pflugerville city,Pflugerville, Texas,TX,48715,50286,51974,53818,54715,57242,59507,63359
San Marcos city,San Marcos, Texas,TX,45245,47642,49936,54333,58905,60228,61458,63071
Rowlett city,Rowlett, Texas,TX,56344,56999,57736,58069,58408,60254,62190,62868
Port Arthur city,Port Arthur, Texas,TX,54502,54902,54567,54738,54526,55380,55587,55498
Euless city,Euless, Texas,TX,51427,52068,52761,53152,53543,54101,54786,55174
Grapevine city,Grapevine, Texas,TX,46608,47087,48482,50183,50789,51498,52104,53982
DeSoto city,DeSoto, Texas,TX,49345,50204,51232,51626,52067,52607,53079,53568
Galveston city,Galveston, Texas,TX,47795,47567,48125,48711,49322,49765,50279,50497
Salt Lake City city,Salt Lake City, Utah,UT,186567,188315,189799,191887,191697,192154,194653,200544
West Valley City city,West Valley City, Utah,UT,129637,131098,132560,133948,134585,136154,136846,136170
Provo city,Provo, Utah,UT,112917,115218,115574,116395,115639,114862,116822,117335
West Jordan city,West Jordan, Utah,UT,104032,106430,108203,109943,110589,111553,113484,113905
Orem city,Orem, Utah,UT,88720,89634,90602,91555,91580,94012,97111,97839
Sandy city,Sandy, Utah,UT,90005,90916,91796,92543,93260,94529,96355,96145
Ogden city,Ogden, Utah,UT,83048,83269,83845,84173,84361,85254,86725,87031
St. George city,St. George, Utah,UT,72842,73799,75032,76319,77998,79614,81631,84405
Layton city,Layton, Utah,UT,67821,68504,68913,71016,72395,74008,75583,76691
South Jordan city,South Jordan, Utah,UT,51306,53355,55903,59260,62554,66208,68679,70954
Lehi city,Lehi, Utah,UT,48156,49700,51343,54153,56023,58095,60743,62712
Millcreek city,Millcreek, Utah,UT,58847,59432,59907,60357,60260,60273,60416,60192
Taylorsville city,Taylorsville, Utah,UT,58756,59800,60264,60632,60441,60409,60452,59992
Logan city,Logan, Utah,UT,48456,49064,49096,49079,49055,49813,50697,51115
Leesburg town,Leesburg, Virginia,VA,43055,44589,46110,47817,49447,51045,52617,54215
Virginia Beach city,Virginia Beach, Virginia,VA,438921,442868,445286,448226,449355,450864,451404,450435
Norfolk city,Norfolk, Virginia,VA,243027,243725,246160,245601,246574,246352,245532,244703
Chesapeake city,Chesapeake, Virginia,VA,223559,225381,228100,230410,233430,235192,237621,240397
Richmond city,Richmond, Virginia,VA,204241,206410,210842,214012,217185,220943,225288,227032
Newport News city,Newport News, Virginia,VA,180921,180135,180100,181364,181653,181083,180388,179388
Alexandria city,Alexandria, Virginia,VA,140823,144598,147528,150268,151828,154132,157288,160035
Hampton city,Hampton, Virginia,VA,137343,136567,137099,137301,137675,136296,135332,134669
Roanoke city,Roanoke, Virginia,VA,96750,96846,98098,98938,99520,99823,99743,99837
Portsmouth city,Portsmouth, Virginia,VA,95449,95738,96465,96069,95802,96241,94997,94572
Suffolk city,Suffolk, Virginia,VA,84820,84754,85251,85770,86880,88103,89294,90237
Lynchburg city,Lynchburg, Virginia,VA,75565,76618,77285,77999,78134,79146,79912,80995
Harrisonburg city,Harrisonburg, Virginia,VA,49015,49998,51355,51635,52658,52869,53943,54215
Seattle city,Seattle, Washington,WA,610333,622532,635974,654176,669641,685447,707255,724745
Spokane city,Spokane, Washington,WA,209488,208902,209259,209763,210610,212243,215114,217108
Tacoma city,Tacoma, Washington,WA,198204,199461,201505,202161,203742,206774,210304,213418
Vancouver city,Vancouver, Washington,WA,162893,164309,165325,166909,168755,171739,173957,175673
Bellevue city,Bellevue, Washington,WA,128294,130160,132086,133814,136179,139352,141249,144444
Kent city,Kent, Washington,WA,119002,120859,123053,124511,125546,126804,127694,128458
Everett city,Everett, Washington,WA,103255,103508,104516,105174,106522,107111,108974,110079
Renton city,Renton, Washington,WA,92295,94096,95940,97172,98509,100157,101142,101379
Spokane Valley city,Spokane Valley, Washington,WA,90030,90660,90646,91356,92752,94359,95851,97847
Federal Way city,Federal Way, Washington,WA,89518,90644,91922,92716,93348,94970,96775,96690
Yakima city,Yakima, Washington,WA,91651,92654,92770,92839,92850,93069,93476,93667
Bellingham city,Bellingham, Washington,WA,81334,81883,82347,82669,83401,84976,86926,89045
Kirkland city,Kirkland, Washington,WA,80825,82014,83362,84532,85907,87055,87636,88630
Kennewick city,Kennewick, Washington,WA,74440,75573,75935,76601,77317,78704,80077,81607
Auburn city,Auburn, Washington,WA,70388,71587,73335,74839,76005,77129,78327,80776
Pasco city,Pasco, Washington,WA,62939,65588,67799,68527,69593,70403,71619,73013
Marysville city,Marysville, Washington,WA,60180,61217,62283,63154,64904,66532,67565,68864
Sammamish city,Sammamish, Washington,WA,57622,58706,59973,61058,62127,63077,63580,64548
Redmond city,Redmond, Washington,WA,54504,55457,56539,57449,59160,60378,62359,64291
Lakewood city,Lakewood, Washington,WA,57585,57925,58095,58143,58567,58864,59738,60296
Richland city,Richland, Washington,WA,48483,50219,51377,52172,52838,54000,54690,56243
Shoreline city,Shoreline, Washington,WA,53153,53748,54463,54851,55209,55431,55480,56189
Burien city,Burien, Washington,WA,48191,48761,49503,49949,50254,50501,51177,51671
Olympia city,Olympia, Washington,WA,46950,47569,47965,48366,49219,49766,50660,51609
Charleston city,Charleston, West Virginia,WV,51277,50970,50838,50635,50109,49431,48769,47929
Huntington,Huntington, West Virginia,WV,49176,49097,49095,48833,48478,48169,47602,47079
Milwaukee city,Milwaukee, Wisconsin,WI,595141,597603,599235,600371,601202,601012,597508,595351
Madison city,Madison, Wisconsin,WI,233637,236881,239904,243046,245584,248269,252107,255214
Green Bay city,Green Bay, Wisconsin,WI,103972,104357,104686,104638,104668,104806,104728,105116
Kenosha city,Kenosha, Wisconsin,WI,99385,99558,99873,99710,99719,99444,99371,99877
Racine city,Racine, Wisconsin,WI,78737,78454,78195,78082,77924,77591,77479,77542
Appleton city,Appleton, Wisconsin,WI,72739,72960,73169,73626,74021,74173,74447,74653
Waukesha city,Waukesha, Wisconsin,WI,71223,71235,71738,71776,72000,72352,72399,72489
Eau Claire city,Eau Claire, Wisconsin,WI,66286,66830,67328,67863,67705,67696,68226,68587
Oshkosh city,Oshkosh, Wisconsin,WI,66169,66211,66717,66794,66649,66526,66492,66665
Janesville city,Janesville, Wisconsin,WI,63585,63409,63481,63650,63837,63865,64029,64359
West Allis city,West Allis, Wisconsin,WI,60436,60535,60755,60839,60809,60757,60392,59934
La Crosse city,La Crosse, Wisconsin,WI,51375,51219,51956,51866,52125,52008,51836,51834
Cheyenne city,Cheyenne, Wyoming,WY,59884,60299,61555,62245,62440,63026,63601,63624
Casper city,Casper, Wyoming,WY,55249,56104,57692,59480,59711,59999,58906,57814
,Pearl City,, HI,25762,25971,26187,26258,26419,26492,26601,26534
,Boise,, ID,208579,211430,214600,216538,218437,219724,223361,226570
,Burlington,, VT,17948,18120,18325,18480,18634,18703,18920,19141
,Dover,, DE,35903,36318,35759,36751,37002,37017,37292,37538
,Lewiston,, ME,365880,36466,36441,36277,36239,36120,36136,36221
,Juneau,, AK,31275,32164,32395,32570,32490,32612,32434,32094
